,Sex,Age,Tenure,VolumeCred,VolumeCred_CA,TransactionsCred,TransactionsCred_CA,VolumeDeb,VolumeDeb_CA,VolumeDebCash_Card,VolumeDebCashless_Card,VolumeDeb_PaymentOrder,TransactionsDeb,TransactionsDeb_CA,TransactionsDebCash_Card,TransactionsDebCashless_Card,TransactionsDeb_PaymentOrder,Count_CA,Count_SA,Count_MF,Count_OVD,Count_CC,Count_CL,ActBal_CA,ActBal_SA,ActBal_MF,ActBal_OVD,ActBal_CC,ActBal_CL,Avg_CA_bal,Avg_SA_bal,Avg_MF_bal,utilization_CA,prob_CL,rev_CL,expected_revenue_CL,prob_CC,rev_CC,expected_revenue_CC,prob_MF,rev_MF,expected_revenue_MF,expected_revenue,selected_product
1267,M,20,6,9618.215,9605.281071428572,11,8,16060.417142857143,10703.274285714286,9714.285714285714,640.5421428571428,344.8392857142857,32,31,6,16,7,1,1.0,11.0,0.0,0.0,0.0,534.6296428571428,83283.00821428571,0.0,0.0,0.0,0.0,534.6296428571428,83283.00821428571,0.0,20.019979117720347,0.9627797788026546,15.331860345408446,14.761205111985536,0.17272219347177614,8.28130026596845,1.430364346736474,0.029074715989242998,10.583844822739849,0.307722282295381,14.761205111985536,CL
1389,F,58,200,4372.773928571429,2964.2903571428574,23,14,5868.460714285714,4031.9249999999997,157.14285714285714,832.1750000000001,1779.5714285714287,44,41,4,17,13,1,1.0,0.0,0.0,0.0,0.0,5353.483928571428,8079.715714285715,0.0,0.0,0.0,0.0,5353.483928571428,8079.715714285715,,0.7531403948897097,0.9160628844275254,12.238195642888371,11.210956800812694,0.030042344073803177,8.759059645652036,0.263142683637643,0.056674513021303295,8.390159330913423,0.47550819425066215,11.210956800812694,CL
1119,M,27,216,899.3146428571429,857.4328571428571,8,6,886.3235714285714,844.4635714285714,392.85714285714283,123.65357142857144,284.17821428571426,24,22,2,9,7,2,0.0,0.0,1.0,0.0,0.0,113.78107142857142,0.0,0.0,0.0,0.0,0.0,56.89053571428571,,,7.421828260412384,0.9018529283590664,12.29926335066642,11.092126669457853,0.20514751969110165,8.352750605225415,1.7135460692603421,0.02745912358211395,8.727619729365232,0.2396527887263358,11.092126669457853,CL
695,M,20,55,1099.4824999999998,1099.4824999999998,2,2,5698.346428571429,5698.346428571429,2892.8571428571427,2168.025,438.57142857142856,29,29,6,11,7,1,0.0,0.0,0.0,0.0,0.0,20.95,0.0,0.0,0.0,0.0,0.0,20.95,,,100.0,0.890649899800584,12.40649544032419,11.049843920801141,0.16278251852349085,7.970781343500234,1.297503861695022,0.20005400099197146,8.850583735966907,1.77059468749465,11.049843920801141,CL
670,M,40,161,16306.74107142857,11346.910357142857,18,8,14705.971071428572,9774.189285714285,114.28571428571429,516.4532142857144,5434.428571428572,47,22,3,18,16,2,1.0,0.0,0.0,1.0,3.0,577.8582142857143,22018.58642857143,0.0,0.0,474.37392857142856,2405.282857142857,288.92910714285716,22018.58642857143,,16.91451128335361,0.8176557245913001,13.070131577213614,10.68686790527023,0.2514298222352102,8.913044722199166,2.2410052500770146,0.17996654946870586,11.357911556304254,2.0440441519588153,10.68686790527023,CL
690,M,70,58,29178.796071428573,29178.26892857143,10,9,30910.964285714286,30910.964285714286,0.0,0.0,2241.3571428571427,11,11,0,0,3,1,1.0,4.0,0.0,0.0,0.0,686.3078571428571,191591.18964285712,0.0,0.0,0.0,0.0,686.3078571428571,191591.18964285712,0.0,45.039502264185906,0.5866765138118528,18.213668794371678,10.685531712005709,0.4132093094049933,8.515691591255887,3.5187630415287536,0.2503868110727364,15.460913845057977,3.8712089139343866,10.685531712005709,CL
1200,M,9,179,14587.096428571429,14092.655714285715,24,20,2603.0553571428572,2109.55,571.4285714285714,330.7521428571428,709.0,36,29,3,11,8,1,0.0,0.0,1.0,0.0,0.0,6478.5075,0.0,0.0,0.0,0.0,0.0,6478.5075,,,0.32562283828489824,0.8549097218632694,12.399308378121523,10.600289276836778,0.13638167194101383,8.000495438906842,1.0911209443145704,0.16166841725578546,14.792616677136959,2.391498925264268,10.600289276836778,CL
246,F,26,203,1365.1285714285714,1307.3364285714285,4,3,735.5892857142857,732.375,260.7142857142857,305.30357142857144,94.78571428571429,22,21,3,12,3,1,0.0,5.0,0.0,0.0,1.0,5435.9007142857145,0.0,9499.57142857143,0.0,0.0,14516.524285714286,5435.9007142857145,,1899.9142857142858,0.13472928195235354,0.8409785957680184,12.494982696573501,10.50801300231007,0.35148572487219437,9.194170203903541,3.231619578717367,0.06599237402899599,8.76210244292092,0.5782319416936169,10.50801300231007,CL
600,M,7,150,1916.1732142857143,1447.920357142857,29,24,1897.702857142857,1378.9975,0.0,349.5678571428571,525.1607142857143,53,33,0,18,9,1,0.0,0.0,1.0,0.0,1.0,3770.360357142857,0.0,0.0,0.0,0.0,2557.0525000000002,3770.360357142857,,,0.36574687015990986,0.8412191993508933,12.392278979676671,10.424623001416514,0.053247024240280404,7.976553084057759,0.4247277154207069,0.11025025952080666,8.567473766154535,0.9445662061562403,10.424623001416514,CL
72,F,12,20,3298.1178571428572,2100.940714285714,7,5,38436.78107142857,2454.638214285714,0.0,555.7810714285714,1898.857142857143,24,22,0,14,8,1,3.0,4.0,0.0,0.0,0.0,1904.9267857142856,7925.148928571429,0.0,0.0,0.0,0.0,1904.9267857142856,2641.7163095238097,0.0,1.2885735203546442,0.8216691522354364,12.377336091325684,10.170075253092644,0.04614186471040211,8.558847719156992,0.39492119353427557,0.22228848435329718,8.630534882686263,1.9184685182305907,10.170075253092644,CL
946,F,25,240,263.1917857142857,262.7717857142857,4,3,342.0357142857143,342.0357142857143,0.0,0.0,338.64285714285717,8,8,0,0,7,1,1.0,1.0,0.0,0.0,0.0,4654.869285714286,6059.231785714285,0.0,0.0,0.0,0.0,4654.869285714286,6059.231785714285,0.0,0.07347912332047991,0.8005791482404289,12.412479037122512,9.93717189509172,0.13670778505763373,7.979924356826319,1.0909177837491886,0.013647535293362474,8.834217966626358,0.12056530148879009,9.93717189509172,CL
427,M,27,152,4963.836428571429,2535.9164285714287,17,10,2584.3510714285717,2540.405357142857,0.0,95.22857142857143,35.714285714285715,20,10,0,6,1,1,1.0,4.0,0.0,0.0,0.0,0.3882142857142857,4679.489285714286,0.0,0.0,0.0,0.0,0.3882142857142857,4679.489285714286,0.0,100.0,0.805427134661785,12.261883894332518,9.87605401056773,0.43279087902781543,8.210729739831143,3.5535289415613467,0.024986517456037628,8.728066660777156,0.21808398997696846,9.87605401056773,CL
855,F,19,142,750.8249999999999,750.8249999999999,8,8,637.0489285714285,637.0489285714285,78.57142857142857,302.9775,255.5,19,19,3,13,3,1,0.0,0.0,0.0,0.0,0.0,3747.3196428571428,0.0,0.0,0.0,0.0,0.0,3747.3196428571428,,,0.1700012246848819,0.7788878875563301,12.434378348919038,9.684986685265716,0.1879161027732796,8.001598998219652,1.5036292997000154,0.2093264581934563,8.738080798719857,1.8291115050042752,9.684986685265716,CL
983,F,4,218,2467.1257142857144,1664.4914285714287,28,22,2338.3753571428574,1539.4914285714287,375.0,0.0,357.75,36,20,4,0,7,1,0.0,0.0,1.0,0.0,0.0,0.0,0.0,0.0,0.0,0.0,0.0,0.0,,,100.0,0.7944450233843606,12.17960427615879,9.676026003985228,0.14556862635774712,8.238559933654155,1.1992758527080076,0.5197302981959557,8.83335683170755,4.590963180214647,9.676026003985228,CL
164,F,20,150,863.5235714285715,863.5235714285715,2,2,1188.1717857142855,1188.1717857142855,750.0,117.81464285714286,318.17857142857144,14,14,1,4,7,1,0.0,4.0,0.0,0.0,0.0,275.7164285714286,0.0,0.0,0.0,0.0,0.0,275.7164285714286,,0.0,4.309397854420819,0.7740571126509204,12.496275195283726,9.672830696552637,0.03864635390781507,8.08817601644772,0.31257851280034044,0.07514037247383437,8.931347544441888,0.6711047811826294,9.672830696552637,CL
495,F,5,173,1071.430357142857,1071.430357142857,2,2,1071.4285714285713,1071.4285714285713,0.0,0.0,0.0,2,2,0,0,0,1,0.0,22.0,0.0,0.0,0.0,1519.9492857142857,0.0,617.8335714285714,0.0,0.0,0.0,1519.9492857142857,,28.083344155844156,0.7049107371533542,0.7761806069035123,12.447125325115392,9.661217289052143,0.05887360254958254,9.322526606316691,0.5488507261781974,0.17548177199376622,8.910606259149155,1.5636489758942382,9.661217289052143,CL
1225,F,43,153,1095.4110714285714,1095.4110714285714,8,8,1232.3910714285714,1232.3910714285714,0.0,522.0407142857142,705.5289285714287,31,31,0,19,11,4,0.0,0.0,1.0,0.0,0.0,0.0,0.0,0.0,0.0,0.0,0.0,0.0,,,100.0,0.7894654135910789,12.114932416559114,9.56432013086681,0.4091164127503835,8.426471533504646,3.447407805930644,0.6768016185250967,8.860353313713318,5.996701463425378,9.56432013086681,CL
1285,F,3,152,427.1014285714286,427.0646428571428,3,2,596.7428571428571,596.7428571428571,0.0,422.34999999999997,171.0,20,20,0,13,6,1,3.0,32.0,0.0,0.0,0.0,14341.997857142856,51.957499999999996,43666.092500000006,0.0,0.0,0.0,14341.997857142856,17.319166666666664,1364.5653906250002,0.041608070443662534,0.7642927630703009,12.453832119140388,9.51837376115147,0.4705178332037254,8.768383777823036,4.125680935839991,0.22784071266087982,8.787404347640257,2.0021284690056698,9.51837376115147,CL
57,F,61,132,955.3260714285715,955.3260714285715,5,5,955.2457142857144,955.2457142857144,160.71428571428572,321.68142857142857,264.82142857142856,22,22,1,12,6,2,0.0,0.0,1.0,0.0,0.0,115.46428571428571,0.0,0.0,0.0,0.0,0.0,57.732142857142854,,,8.273083823074545,0.7763050782482945,12.174393083631989,9.451043175414426,0.3542245777997919,8.406399545298926,2.977753329749875,0.23785267856128559,8.711225917856126,2.071988418114573,9.451043175414426,CL
1304,F,29,34,970.4392857142857,970.4392857142857,5,5,1647.1499999999999,1647.1499999999999,821.4285714285714,675.3642857142858,146.71428571428572,26,26,3,16,5,1,0.0,0.0,0.0,0.0,0.0,21.125,0.0,0.0,0.0,0.0,0.0,21.125,,,77.97159763313608,0.7525637576679434,12.318494782377808,9.270452722239197,0.21346412469208936,8.254458412240469,1.7620307397761654,0.20474976658909208,8.79969640308832,1.8017357845872064,9.270452722239197,CL
227,M,30,199,694.4614285714285,694.3239285714286,5,4,552.3,552.1428571428571,0.0,0.0,550.6071428571429,7,6,0,0,5,1,0.0,0.0,0.0,0.0,0.0,357.1457142857143,0.0,0.0,0.0,0.0,0.0,357.1457142857143,,,1.5459876320989432,0.743847158834007,12.377141484761024,9.206701527926011,0.1805282623461393,8.148647171386882,1.471061114322257,0.1730861407577825,8.815776214687762,1.525888682784557,9.206701527926011,CL
94,M,5,230,526.7242857142858,305.8575,7,3,292.73857142857145,284.95285714285717,0.0,0.0,0.0,7,5,0,0,0,1,0.0,0.0,1.0,0.0,1.0,291.1475,0.0,0.0,0.0,0.0,4116.311428571428,291.1475,,,0.9787233520564566,0.7378860346905882,12.45492742944653,9.19031701327334,0.030332232296562175,8.081225273733805,0.24512160224374302,0.09419266570163008,8.925179466183202,0.8406864457852476,9.19031701327334,CL
1507,F,25,182,92.98928571428571,71.43892857142858,4,3,0.0,0.0,0.0,0.0,0.0,0,0,0,0,0,1,1.0,0.0,0.0,0.0,0.0,8.240357142857142,5352.294285714285,0.0,0.0,0.0,0.0,8.240357142857142,5352.294285714285,,0.0,0.7444381915948106,12.205742590202444,9.086420940922068,0.4561174505089799,8.056674168960766,3.674789681527939,0.03145506025693366,8.96994763049492,0.28215024321875704,9.086420940922068,CL
1534,F,22,177,2681.942857142857,2106.4100000000003,21,18,2965.7278571428574,2347.8907142857142,53.57142857142857,617.5907142857143,1097.5885714285714,66,52,1,32,15,1,0.0,7.0,1.0,0.0,0.0,3352.822142857143,0.0,0.0,0.0,0.0,0.0,3352.822142857143,,0.0,0.7002729683373345,0.7425010874698531,12.236893353649622,9.085906622337461,0.01790812596835373,8.963506084517638,0.160519596079647,0.18910974475535247,8.361056996003953,1.5811573543992616,9.085906622337461,CL
166,M,17,152,11454.822857142857,0.04357142857142857,3,1,11430.357142857143,11430.357142857143,0.0,0.0,11428.57142857143,2,2,0,0,1,1,1.0,0.0,0.0,0.0,0.0,8134.361428571428,0.0,0.0,0.0,0.0,0.0,8134.361428571428,0.0,,1.4051941560782804,0.7276934628703665,12.396108190639621,9.02056689536226,0.5932760838969758,8.383666936470624,4.973829088765848,0.28429199586443527,14.651014572826211,4.16516617434769,9.02056689536226,CL
1347,M,76,173,528.4346428571429,528.4346428571429,2,2,478.20464285714286,478.20464285714286,0.0,140.33928571428572,334.47249999999997,14,14,0,6,7,1,0.0,0.0,0.0,0.0,0.0,1381.6385714285714,0.0,0.0,0.0,0.0,0.0,1381.6385714285714,,,0.34611413776809524,0.7251345792159741,12.438790415264341,9.0197970537284,0.33897033512810937,8.514324966227827,2.886103587191875,0.23954872463039492,8.895484342026931,2.130901929102199,9.0197970537284,CL
409,F,39,266,714.2928571428572,714.2928571428572,2,2,505.4857142857143,505.4857142857143,0.0,0.0,0.0,3,3,0,0,0,1,0.0,4.0,0.0,0.0,0.0,341.01928571428573,0.0,0.0,0.0,0.0,0.0,341.01928571428573,,0.0,1.4822789662084466,0.7261286159895993,12.410698526469556,9.011763344489498,0.08856300868920904,8.189332511170365,0.7252719263456031,0.15572911773398967,8.946237104036758,1.3931896112507272,9.011763344489498,CL
1059,F,27,152,608.7025,608.7025,4,4,870.1785714285714,870.1785714285714,0.0,411.14285714285717,452.57142857142856,11,11,0,2,6,1,0.0,0.0,0.0,0.0,0.0,1889.4114285714284,0.0,0.0,0.0,0.0,0.0,1889.4114285714284,,,0.4605553656921128,0.7207371845486316,12.433662274711454,8.961402741504067,0.23663690618293085,8.047504671172378,1.9043366078789157,0.06102655891281003,8.748477569527374,0.5338894817941594,8.961402741504067,CL
1284,M,1,150,2270.422857142857,2270.422857142857,9,9,1944.8682142857142,1944.8682142857142,564.3678571428571,98.07142857142857,1273.6785714285713,30,30,7,6,10,1,0.0,0.0,0.0,0.0,0.0,2725.1139285714285,0.0,0.0,0.0,0.0,0.0,2725.1139285714285,,,0.7136832680258847,0.7171253747736204,12.461253380711788,8.936281000791984,0.03453213631596842,9.658150545676337,0.3335165712034401,0.016679412096475953,8.57481280685745,0.14302283645571506,8.936281000791984,CL
1258,M,37,209,1314.7078571428572,1314.7078571428572,4,4,538.75,538.75,0.0,136.17857142857142,400.2857142857143,10,10,0,4,5,1,0.0,0.0,1.0,0.0,0.0,0.0,0.0,0.0,516.2825,0.0,0.0,0.0,,,100.0,0.7242017311114098,12.317764626246785,8.92054646575081,0.5018565705090136,8.100019406755731,4.065047960530886,0.44148188386101417,9.03806943691746,3.990143921476976,8.92054646575081,CL
251,M,25,220,44.642857142857146,44.642857142857146,2,2,67.85714285714286,67.85714285714286,67.85714285714286,0.0,0.0,2,2,2,0,0,1,0.0,0.0,0.0,0.0,0.0,7321.431071428572,0.0,0.0,0.0,0.0,0.0,7321.431071428572,,,0.009268289518145041,0.7080834062530893,12.534478093200095,8.875455943837851,0.7306011872816369,7.9959211043428065,5.841829452243152,0.030932293258016285,8.922023300490876,0.27597864118563814,8.875455943837851,CL
1122,M,22,179,2130.2185714285715,2130.2185714285715,11,11,1837.9675,1837.9675,0.0,0.0,1295.2889285714284,20,20,0,0,18,2,0.0,0.0,1.0,0.0,0.0,2006.0149999999999,0.0,0.0,0.0,0.0,0.0,1003.0074999999999,,,0.9162281937074249,0.7149568209376245,12.366507485681964,8.841518878064512,0.06463518641836345,8.876658467382118,0.5737444748113876,0.024876350824993725,8.558855278545568,0.21291308656944893,8.841518878064512,CL
577,M,43,158,849.5935714285714,846.0878571428572,4,3,670.8214285714286,670.8214285714286,642.8571428571429,0.0,26.428571428571427,6,6,2,0,1,1,1.0,28.0,0.0,0.0,0.0,25.2175,100639.68107142857,0.0,0.0,0.0,0.0,25.2175,100639.68107142857,0.0,26.601424747553427,0.593432530195745,14.848700167136847,8.811701710302001,0.7265328325810151,8.934749473756453,6.49138884357001,0.10006443056705286,8.981084890708523,0.8986871454631105,8.811701710302001,CL
744,F,23,63,3760.2160714285715,3429.5017857142857,5,4,3676.6307142857145,3676.6307142857145,567.8571428571429,668.0285714285714,2103.296428571429,33,33,6,12,12,1,0.0,2.0,1.0,0.0,0.0,281.6489285714286,0.0,12436.572142857143,28.294642857142858,0.0,0.0,281.6489285714286,,6218.286071428572,13.053948875055951,0.715918232934114,12.248763802811078,8.769113337335845,0.017422308240962355,9.54001050313907,0.16620900360770724,0.3403538490860994,8.34213769426139,2.8392786738481024,8.769113337335845,CL
847,F,83,175,1370.034642857143,1370.034642857143,2,2,0.8928571428571429,0.8928571428571429,0.0,0.0,0.0,1,1,0,0,0,1,0.0,1.0,0.0,0.0,0.0,215.4725,0.0,0.0,0.0,0.0,0.0,215.4725,,0.0,0.004143717378584938,0.6991717299836073,12.424895870162617,8.687135940407774,0.10587911629092632,8.58350681285219,0.9088141160219354,0.27576803145049067,8.951112148691232,2.468430576537153,8.687135940407774,CL
1171,M,6,61,2171.7257142857143,1416.1964285714287,26,20,2217.144642857143,1401.814285714286,178.57142857142858,103.27857142857144,442.28357142857146,45,18,5,4,6,1,0.0,0.0,1.0,1.0,0.0,251.02714285714288,0.0,0.0,0.0,2.357142857142857,0.0,251.02714285714288,,,5.584313591586567,0.7090227239498856,12.206643783540699,8.654787825691963,0.006016833610966038,7.9532565854993305,0.04785342154026936,0.10077008840770456,8.696325587201333,0.8763294982444616,8.654787825691963,CL
684,F,57,115,3032.6771428571433,2319.4610714285714,18,15,2512.2050000000004,2274.246785714286,735.7142857142857,499.8525,321.35714285714283,37,27,3,14,5,1,1.0,0.0,1.0,0.0,0.0,5948.005714285714,7155.010357142857,0.0,0.0,0.0,0.0,5948.005714285714,7155.010357142857,,0.38235450585598446,0.701989470355944,12.28812480156358,8.626134221117356,0.18948300139443938,8.197562221696232,1.553298693884671,0.02183652819091873,8.32809116048261,0.18185659740241958,8.626134221117356,CL
1024,M,25,109,4048.0014285714283,4034.694285714286,9,6,4063.680714285714,4063.680714285714,2203.5714285714284,70.9667857142857,1786.6425,25,25,5,6,12,1,1.0,7.0,0.0,0.0,0.0,2789.3424999999997,10566.784285714286,11171.42857142857,0.0,0.0,0.0,2789.3424999999997,10566.784285714286,1595.9183673469386,1.4568597130993108,0.6771810695135149,12.550291810124698,8.498820030686948,0.07609868959724607,8.213852038981075,0.6250633767121275,0.06800579124955983,8.485138438739833,0.577038553388557,8.498820030686948,CL
917,M,22,181,6342.757142857144,6342.748214285714,5,4,0.008928571428571428,0.0,0.0,0.0,0.0,1,0,0,0,0,1,0.0,0.0,0.0,0.0,0.0,12568.637142857144,0.0,0.0,0.0,0.0,0.0,12568.637142857144,,,0.0,0.675284874260532,12.509197972363163,8.44727217986736,0.2619596652158252,8.05505437173043,2.1100993465137727,0.24944978635934606,8.817510487487871,2.1995261073251426,8.44727217986736,CL
942,M,32,180,8214.286071428573,8214.286071428573,2,2,8224.285714285714,8224.285714285714,0.0,0.0,8214.285714285714,4,4,0,0,1,1,0.0,0.0,0.0,0.0,0.0,5413.299285714286,0.0,0.0,0.0,0.0,0.0,5413.299285714286,,,1.5192741579963314,0.6620585864305824,12.660017536506063,8.381673314405587,0.18944420906046047,8.18499695993508,1.5506002752371748,0.3130511600628349,14.86331856297171,4.6529791185217615,8.381673314405587,CL
1428,M,73,152,1160.0149999999999,1160.0149999999999,2,2,1037.1782142857144,1037.1782142857144,500.0,73.57142857142857,414.46392857142854,15,15,5,2,4,2,0.0,0.0,0.0,0.0,0.0,0.2075,0.0,0.0,0.0,0.0,0.0,0.10375,,,100.0,0.6820583774908917,12.287192496319054,8.380582577957634,0.39130137504140655,8.23416474287601,3.222039986204852,0.23576263837991318,9.380391553526609,2.211545861696086,8.380582577957634,CL
1199,M,83,205,371.4371428571429,0.0,3,0,755.5357142857143,0.0,0.0,0.0,41.25,3,0,0,0,2,1,1.0,0.0,0.0,0.0,0.0,11335.070714285714,22893.82285714286,0.0,0.0,0.0,0.0,11335.070714285714,22893.82285714286,,0.0,0.6643695363514772,12.599687336609149,8.3708484339966,0.7851094203799935,7.9933599729276965,6.275662215233905,0.10614485569621311,8.979121452215045,0.9530875508241374,8.3708484339966,CL
1365,F,16,0,880.1089285714286,880.1089285714286,3,3,855.9642857142857,855.9642857142857,53.57142857142857,0.0,257.25,7,7,1,0,2,2,0.0,0.0,0.0,0.0,0.0,327.20142857142855,0.0,0.0,0.0,0.0,0.0,163.60071428571428,,,2.616016346418327,0.6746721550624827,12.347158124344922,8.33028378064903,0.035764104288251254,7.976070407010437,0.2852570138467559,0.06000504404770314,9.005367980703854,0.5403675023479102,8.33028378064903,CL
352,M,10,181,571.4332142857143,571.4332142857143,2,2,563.6964285714286,563.6964285714286,0.0,0.0,0.0,3,3,0,0,0,1,0.0,0.0,0.0,0.0,0.0,1748.5053571428573,0.0,0.0,0.0,0.0,0.0,1748.5053571428573,,,0.3223875902173591,0.6642480670305108,12.532627015893102,8.324773270121351,0.09013295242647028,8.216744042333913,0.7405993998681656,0.1504850543815292,8.895145488000244,1.3385864524933309,8.324773270121351,CL
224,M,24,4,1321.4303571428572,1321.4303571428572,2,2,1461.3178571428573,1461.3178571428573,0.0,0.0,909.1464285714285,11,11,0,0,7,1,0.0,0.0,0.0,0.0,0.0,382.7135714285714,0.0,0.0,0.0,0.0,0.0,382.7135714285714,,,3.8183068650744034,0.6727206530789387,12.321051798904195,8.288626012778263,0.048743363826335824,8.464015458477569,0.41256458492430276,0.0894771467418034,8.951083044095082,0.800917371034564,8.288626012778263,CL
860,F,27,152,4622.691785714285,4622.691785714285,9,9,6446.189285714286,6446.189285714286,0.0,0.0,4300.975,15,15,0,0,13,1,0.0,0.0,0.0,0.0,0.0,886.8014285714286,0.0,0.0,0.0,0.0,0.0,886.8014285714286,,,7.269033492761304,0.6729474820951623,12.256225797270126,8.247796290262704,0.16782760472889993,8.765763415161404,1.47113707758676,0.07683151402968136,8.589946973379472,0.6599786313994238,8.247796290262704,CL
373,F,24,129,20182.245714285713,16530.457857142857,10,4,7658.063214285714,7040.221428571429,667.8571428571429,2470.335714285714,892.3514285714285,62,38,4,39,10,2,0.0,2.0,0.0,1.0,0.0,0.0,0.0,0.0,0.0,476.7142857142857,0.0,0.0,,0.0,100.0,0.6179084027801471,12.235933133182881,7.560685898849715,0.06511221521176906,8.998957530019167,0.5859420593761777,0.7347268864134346,11.221341074447585,8.24462098901206,8.24462098901206,MF
746,F,27,221,110.72214285714286,110.72214285714286,2,2,1.9642857142857142,1.9642857142857142,0.0,0.0,0.0,1,1,0,0,0,1,0.0,0.0,0.0,0.0,0.0,0.0,0.0,0.0,0.0,0.0,0.0,0.0,,,100.0,0.6615337581073485,12.322519628065276,8.151762718905589,0.34399530983777327,8.066607562467663,2.7748751677907886,0.15547917810349932,9.2786133730492,1.442631181181827,8.151762718905589,CL
383,F,78,159,412.00607142857143,412.00607142857143,2,2,560.2607142857142,560.2607142857142,210.71428571428572,207.90357142857144,140.21428571428572,31,31,7,18,5,1,0.0,0.0,0.0,0.0,0.0,14.646071428571428,0.0,0.0,0.0,0.0,0.0,14.646071428571428,,,38.25331024896974,0.6645768554126342,12.24525391089591,8.137912337832464,0.37057531974983055,8.124890554097218,3.0108839150169544,0.2196208460284263,8.97403171947824,1.9708844385177444,8.137912337832464,CL
1022,M,39,151,926.3739285714286,926.1860714285714,4,3,28189.350000000002,28189.350000000002,71.42857142857143,984.5275,27129.214285714286,32,32,1,23,6,1,1.0,1.0,1.0,0.0,0.0,42.857142857142854,0.0,0.0,0.0,0.0,0.0,42.857142857142854,0.0,0.0,100.0,0.6625826259559906,12.17067642815655,8.064078747428644,0.22949968756225417,9.000995751957245,2.065725712823365,0.5833040224745231,8.724836450441794,5.089232196975038,8.064078747428644,CL
911,F,18,28,926.7871428571428,926.7871428571428,2,2,979.5214285714285,979.5214285714285,0.0,19.2,565.3214285714286,9,9,0,1,6,1,0.0,0.0,0.0,0.0,0.0,14.606785714285715,0.0,0.0,0.0,0.0,0.0,14.606785714285715,,,67.05934130418835,0.6543674432442512,12.31732923746993,8.06005924072086,0.18552832161409458,8.107854502905479,1.5042366378153325,0.15683458840343642,9.065292251986747,1.4217513790972027,8.06005924072086,CL
1069,M,10,65,528.3824999999999,527.7946428571429,4,3,556.1075,556.1075,0.0,53.0,495.8575,10,10,0,1,8,1,1.0,1.0,0.0,0.0,0.0,501.29,41481.50785714285,0.0,0.0,0.0,0.0,501.29,41481.50785714285,0.0,1.109352869596441,0.6533451304264976,12.317412620564857,8.047521555099934,0.2061250197306379,8.06971145429179,1.6633694327364499,0.0823704502729535,8.771648558567366,0.7225246414052975,8.047521555099934,CL
471,M,17,4,15.653571428571428,0.0,1,0,0.0,0.0,0.0,0.0,0.0,0,0,0,0,0,1,1.0,0.0,0.0,0.0,0.0,5.706785714285714,10778.983928571428,0.0,0.0,0.0,0.0,5.706785714285714,10778.983928571428,,0.0,0.6572160744610632,12.240284139717321,8.04451149259303,0.025911732031127795,8.136869197772661,0.210840374225023,0.25638570902336644,9.040634600722226,2.3178895121273473,8.04451149259303,CL
376,M,11,39,618.0114285714286,617.9767857142857,9,8,439.6875,371.92749999999995,107.14285714285714,155.64285714285714,107.14285714285714,13,10,1,6,1,1,0.0,0.0,1.0,0.0,0.0,7.018571428571429,0.0,0.0,0.0,0.0,0.0,7.018571428571429,,,52.99190922043557,0.6511143660570508,12.248310202939845,7.975050733057284,0.04785641964229182,8.162740859052649,0.3906395519821052,0.05570709532633591,8.80248701999427,0.4903609835316553,7.975050733057284,CL
768,F,31,263,1552.6810714285714,1552.6810714285714,10,10,1480.4314285714286,1480.4314285714286,289.2857142857143,458.7528571428571,732.1785714285714,39,39,3,22,13,1,0.0,0.0,1.0,0.0,0.0,16362.983214285716,0.0,0.0,745.5571428571428,0.0,0.0,16362.983214285716,,,0.09047442078159297,0.6446084805981925,12.359395721784919,7.966971297331578,0.13888981639126466,8.151731467262225,1.132192486758945,0.3579346259001218,8.458419917097347,3.0275613687323784,7.966971297331578,CL
959,M,20,198,1638.6285714285714,1638.6285714285714,4,4,948.9107142857143,948.9107142857143,310.7142857142857,523.9107142857143,107.14285714285714,18,18,6,7,1,1,0.0,0.0,1.0,0.0,0.0,194.9557142857143,0.0,0.0,1373.3428571428572,0.0,0.0,194.9557142857143,,,4.867314188570298,0.6486359631335804,12.249767471905214,7.945639722301642,0.15736010700568404,8.16397512397926,1.284683999101119,0.0618027996513056,8.714675657633418,0.538591353694828,7.945639722301642,CL
967,F,27,65,2364.433571428571,2364.433571428571,9,9,2728.263214285714,2728.263214285714,592.8571428571429,503.5239285714286,1075.2142857142858,51,51,10,18,15,1,0.0,0.0,0.0,0.0,0.0,147.31785714285712,0.0,0.0,0.0,0.0,0.0,147.31785714285712,,,18.5195689592475,0.6486547671249306,12.174350525960921,7.896950505314458,0.010979971681196434,9.082425543826833,0.09972477526779375,0.051022696930801914,8.398689553213517,0.4285237916895054,7.896950505314458,CL
1580,M,68,153,811.3328571428572,811.3328571428572,3,3,577.3857142857142,577.3857142857142,160.71428571428572,65.42142857142856,347.85714285714283,12,12,2,3,6,2,0.0,0.0,1.0,0.0,0.0,2249.0496428571428,0.0,0.0,237.29714285714286,0.0,0.0,1124.5248214285714,,,0.2567243084737855,0.63714598888432,12.367681736881448,7.880018810451873,0.08924163893560345,8.24764107251892,0.7360330066641867,0.2200227074478349,8.813797098998617,1.9392355006175486,7.880018810451873,CL
685,M,19,44,21684.495714285713,21682.119642857142,7,3,13882.464285714286,13880.107142857143,0.0,0.0,13875.0,18,14,0,0,12,1,0.0,0.0,1.0,1.0,0.0,0.0,0.0,0.0,0.0,1400.9185714285716,0.0,0.0,,,100.0,0.4369132187369824,12.337854791222851,5.390571849142676,0.43706524806085106,9.705113387548941,4.241767790187764,0.5220134471147465,15.090757828622966,7.877578513693321,7.877578513693321,MF
1056,M,20,181,1204.8660714285713,1204.8660714285713,3,3,724.6314285714286,724.6314285714286,0.0,0.0,721.3814285714286,11,11,0,0,10,1,0.0,3.0,0.0,0.0,0.0,5780.183928571429,0.0,22495.41178571429,0.0,0.0,0.0,5780.183928571429,,7498.470595238096,0.12536476996684795,0.6358097071791925,12.36047697277625,7.858911244656019,0.15337539260740485,8.59441035755088,1.3181710628185128,0.1459519292700725,8.76503351059319,1.2792735509879125,7.858911244656019,CL
447,F,31,220,17.858214285714286,17.858214285714286,2,2,55.142857142857146,55.142857142857146,53.57142857142857,0.0,0.0,4,4,2,0,0,1,0.0,0.0,0.0,0.0,0.0,1405.1271428571429,0.0,0.0,0.0,0.0,0.0,1405.1271428571429,,,0.03924403383933737,0.6190558890424531,12.525783934855703,7.754160309745774,0.5043312753325327,8.164790591378063,4.117759251772763,0.16239188934682383,8.87660382481294,1.4414884660946163,7.754160309745774,CL
1429,F,21,181,886.7914285714286,886.7914285714286,3,3,820.6785714285714,820.6785714285714,817.8571428571429,0.0,0.0,11,11,6,0,0,1,0.0,0.0,0.0,0.0,0.0,957.0071428571429,0.0,0.0,0.0,0.0,0.0,957.0071428571429,,,0.8575469656145275,0.6158599516765672,12.577393453892531,7.745912924731426,0.1329432661913484,8.021736209148255,1.0664358121695745,0.0653680475884876,8.939219723599228,0.5843393402961814,7.745912924731426,CL
576,M,73,182,1447.7685714285712,1447.7685714285712,2,2,1977.8214285714287,1977.8214285714287,1500.0,0.0,474.2142857142857,9,9,3,0,5,1,0.0,0.0,0.0,0.0,0.0,0.0,0.0,0.0,0.0,0.0,0.0,0.0,,,100.0,0.6268894347590268,12.349090071124362,7.741514094475462,0.14428767107272622,8.169336488443497,1.1787345361269554,0.07688785102207814,9.46733116603409,0.7279227482707064,7.741514094475462,CL
1052,M,25,125,3904.1832142857143,3339.3825,11,9,3452.340714285714,2887.8364285714283,0.0,0.0,2319.6428571428573,7,6,0,0,3,1,0.0,0.0,1.0,0.0,0.0,7337.821785714286,0.0,0.0,0.0,0.0,0.0,7337.821785714286,,,0.3935549966876604,0.6183421962580772,12.510166170183622,7.735563625224839,0.327724348741233,8.331645413229419,2.7304830669934925,0.1391475776722736,8.572282668519836,1.1928123684465486,7.735563625224839,CL
1219,M,34,2,18693.254285714287,18693.254285714287,3,3,17948.5,17948.5,0.0,0.0,17946.428571428572,4,4,0,0,3,1,0.0,1.0,0.0,0.0,0.0,380.0489285714286,0.0,0.0,0.0,0.0,0.0,380.0489285714286,,0.0,47.22681384069908,0.6143666601212662,12.544747799970482,7.707074807931467,0.031655682623866074,8.911177719183195,0.28208941368332996,0.23621362615183897,17.366636899898605,4.102236276187381,7.707074807931467,CL
211,F,74,195,6484.633928571428,6484.633928571428,6,6,5804.123928571428,5804.123928571428,0.0,1333.1453571428572,2993.371428571428,59,59,0,39,16,1,0.0,0.0,0.0,0.0,0.0,142.86285714285714,0.0,0.0,0.0,0.0,0.0,142.86285714285714,,,40.62724241030359,0.635655445298054,12.115519684018604,7.701296059762184,0.062200827325120715,8.953852887169575,0.5569370573293683,0.5819712305153066,8.389099854439095,4.8822147652037,7.701296059762184,CL
581,M,22,110,882.0749999999999,882.0749999999999,2,2,823.3210714285715,823.3210714285715,714.2857142857143,0.0,105.21392857142857,8,8,2,0,5,1,0.0,0.0,1.0,0.0,0.0,9218.796071428571,0.0,0.0,248.48464285714286,0.0,0.0,9218.796071428571,,,0.08930895802980782,0.6057337911057121,12.667659050827794,7.673229141292507,0.4623700588918565,8.364005783461003,3.8672658466706924,0.10137035873638227,8.934386034118793,0.9056819173679457,7.673229141292507,CL
1275,F,4,9,1679.6339285714287,1678.9150000000002,7,5,1676.5967857142857,1438.1682142857142,0.0,1104.9182142857142,566.2142857142857,34,31,0,17,14,1,0.0,3.0,0.0,1.0,0.0,0.0,0.0,3091.187142857143,0.0,1.7146428571428571,0.0,0.0,,1030.3957142857143,100.0,0.6315958385385229,12.139731390934026,7.667403827489404,0.052423852426347256,8.225850835698758,0.43123079029181693,0.4943005394252701,8.730870325455315,4.315673911524645,7.667403827489404,CL
884,F,73,48,1034.8853571428572,691.6239285714286,20,14,1131.7567857142856,691.6239285714286,110.71428571428571,90.44285714285715,282.5357142857143,42,17,4,9,7,1,0.0,0.0,1.0,1.0,0.0,115.02285714285713,0.0,0.0,0.0,0.0,0.0,115.02285714285713,,,6.01292600228526,0.6292439677735346,12.159660358804175,7.6513929309525,0.129160851227783,8.289516702681782,1.070681033585304,0.26381767679929585,8.671155861957892,2.287604194666327,7.6513929309525,CL
546,M,39,98,1314.1557142857143,1068.5739285714285,11,5,1216.635,1120.4207142857142,53.57142857142857,106.10714285714286,820.9285714285714,20,14,2,6,7,1,0.0,1.0,0.0,1.0,0.0,23.856428571428573,0.0,52133.854999999996,0.0,0.0,0.0,23.856428571428573,,52133.854999999996,46.96514865714542,0.618813064361892,12.292260253212397,7.60661123522425,0.2551408059356189,8.454189195585847,2.1570086448939745,0.27687261665538887,8.816272416725452,2.4409844131655047,7.60661123522425,CL
113,F,45,173,1285.75,1285.75,4,4,2028.2082142857143,2028.2082142857143,692.1185714285714,1318.3442857142857,0.0,23,23,5,13,0,1,0.0,0.0,0.0,0.0,0.0,3307.4125,0.0,0.0,0.0,0.0,0.0,3307.4125,,,0.6132311026476783,0.6096864616497968,12.471651642699838,7.60379716096654,0.22233025149544508,8.109656056009676,1.8030218704741905,0.05789731043426682,8.682882249105143,0.5027155290406253,7.60379716096654,CL
256,F,14,159,0.00035714285714285714,0.00035714285714285714,1,1,0.8928571428571429,0.8928571428571429,0.0,0.0,0.0,1,1,0,0,0,1,0.0,0.0,0.0,0.0,0.0,232.83535714285716,0.0,0.0,0.0,0.0,0.0,232.83535714285716,,,0.003834714597531364,0.6139106766625094,12.38498936030296,7.60327719864157,0.0182514665838768,8.133720572810812,0.1484523292372478,0.132305682079976,9.04259511597047,1.1963867145915326,7.60327719864157,CL
1421,F,40,152,760.0767857142857,544.1221428571429,3,2,1922.3428571428572,1919.5214285714285,1042.857142857143,626.7714285714285,13.607142857142858,45,44,16,11,1,1,0.0,0.0,1.0,0.0,1.0,2159.6539285714284,0.0,0.0,0.0,0.0,9107.142857142857,2159.6539285714284,,,0.8888097315856327,0.605315086885253,12.528008610838915,7.583392620769156,0.18246258690381237,8.101402605411575,1.4782028769326816,0.018536811347003874,8.712377519906035,0.16149969847037565,7.583392620769156,CL
1343,M,32,179,378.2507142857143,378.2507142857143,4,4,325.77642857142854,325.77642857142854,85.71428571428571,83.94535714285713,152.36678571428573,22,22,4,8,6,1,0.0,0.0,0.0,0.0,0.0,4726.620714285715,0.0,0.0,0.0,0.0,0.0,4726.620714285715,,,0.06892375087063861,0.6043936533336195,12.486965864914186,7.547042918147684,0.25052361720708166,8.197531653092254,2.053675281902219,0.11668328098655971,8.718171598817655,1.017264866353885,7.547042918147684,CL
501,F,81,273,0.00035714285714285714,0.00035714285714285714,1,1,1.9642857142857142,1.9642857142857142,0.0,0.0,0.0,1,1,0,0,0,1,0.0,0.0,0.0,0.0,0.0,4.902142857142857,0.0,0.0,0.0,0.0,0.0,4.902142857142857,,,0.40069940259361797,0.6015742371346559,12.401629615873793,7.460500875395832,0.26754524538244157,8.350986737901192,2.2342667959772897,0.2552530969525597,8.89800785436083,2.2712440615338028,7.460500875395832,CL
575,M,30,211,0.002142857142857143,0.002142857142857143,1,1,107.98571428571428,107.98571428571428,71.42857142857143,36.55714285714286,0.0,10,10,1,9,0,1,0.0,0.0,0.0,0.0,0.0,338.0025,0.0,0.0,0.0,0.0,0.0,338.0025,,,0.3194819987595189,0.599512942016914,12.42659658355528,7.449905477064558,0.10828150189273864,8.327888243995565,0.9017562466547215,0.05359332213577704,8.909235969766607,0.4774755533113538,7.449905477064558,CL
428,F,22,153,1026.1632142857143,1026.1632142857143,3,3,1671.9678571428572,1671.9678571428572,1517.857142857143,0.0,13.428571428571429,10,10,4,0,1,1,0.0,0.0,0.0,0.0,0.0,14404.767857142857,0.0,0.0,0.0,0.0,0.0,14404.767857142857,,,0.1160704479047736,0.5897738450618009,12.598061348590228,7.430007081882516,0.48789570324083154,8.179239424859766,3.9906157711670898,0.044682595866408825,8.8992232733857,0.3976403970496331,7.430007081882516,CL
1387,F,21,176,897.2478571428571,897.2478571428571,3,3,902.2857142857143,902.2857142857143,821.4285714285714,24.678571428571427,53.57142857142857,9,9,4,1,1,1,0.0,0.0,0.0,0.0,0.0,883.9760714285715,0.0,0.0,0.0,0.0,0.0,883.9760714285715,,,1.0207128263410492,0.5877864896428092,12.61441560340701,7.414583066422086,0.21797433586240192,8.209698461414087,1.7895035697573185,0.04209432330309469,9.030474077232261,0.3801316953872305,7.414583066422086,CL
1420,F,31,3,2272.3571428571427,2212.0064285714284,28,27,2580.7514285714283,2578.6442857142856,1428.5714285714287,320.74642857142857,605.0714285714286,31,30,2,10,12,1,0.0,0.0,1.0,0.0,2.0,695.5,0.0,0.0,40.25714285714286,0.0,353.0857142857143,695.5,,,3.707612200883229,0.6000918721422916,12.34838708422055,7.410166723307603,0.04382001783952858,7.927814291190903,0.347396963668455,0.005018901219365634,8.67381214234049,0.043533006337741126,7.410166723307603,CL
1556,M,21,208,0.00035714285714285714,0.00035714285714285714,1,1,1.9642857142857142,1.9642857142857142,0.0,0.0,0.0,1,1,0,0,0,1,0.0,0.0,0.0,0.0,0.0,38.55107142857143,0.0,0.0,0.0,0.0,0.0,38.55107142857143,,,0.050952817690818296,0.5971376886602093,12.4000114354343,7.404514167915402,0.2308681878575629,8.231108970888535,1.9003012121671656,0.1126191834532439,8.976085516935312,1.0108794215237435,7.404514167915402,CL
481,M,10,20,1616.3060714285714,1616.3060714285714,2,2,1893.5653571428572,1893.5653571428572,178.57142857142858,150.27964285714285,1550.4285714285713,21,21,1,10,8,1,0.0,0.0,0.0,0.0,0.0,1098.0239285714285,0.0,0.0,0.0,0.0,0.0,1098.0239285714285,,,1.7245210307998102,0.5945353815977943,12.430072031388827,7.3901176184698265,0.025011433361380866,8.933373268074734,0.2234364701867924,0.07009941238882562,8.785802922010053,0.6158796221969318,7.3901176184698265,CL
1385,M,23,80,8.349642857142857,8.21642857142857,5,4,5.214285714285714,5.214285714285714,0.0,0.0,5.214285714285714,1,1,0,0,1,1,1.0,0.0,0.0,0.0,0.0,1785.8610714285714,20516.365357142855,0.0,0.0,0.0,0.0,1785.8610714285714,20516.365357142855,,0.002919759995728351,0.13348930355465038,12.321890401784117,1.6448405682108929,0.9216684729786528,8.009207440564818,7.3818339915146405,0.15100551721907013,8.950761996177233,1.3516144447375398,7.3818339915146405,CC
147,F,41,181,1029.9185714285716,1029.9185714285716,3,3,1104.6857142857143,1104.6857142857143,178.57142857142858,32.142857142857146,890.5785714285714,11,11,1,3,6,1,0.0,0.0,1.0,0.0,0.0,0.0,0.0,0.0,0.0,0.0,0.0,0.0,,,100.0,0.595834025245165,12.3509012572806,7.35908721153107,0.32678867591607513,8.39010490762709,2.741791273560421,0.3677547359211693,9.304200183674208,3.4216636815048034,7.35908721153107,CL
535,F,51,151,1096.8389285714286,1095.3882142857142,6,4,642.7414285714285,642.7414285714285,0.0,2.6700000000000004,623.8928571428571,16,16,0,3,10,1,1.0,5.0,1.0,1.0,0.0,7949.006785714286,554.9710714285715,2545.743214285714,470.0514285714286,1188.7867857142858,0.0,7949.006785714286,554.9710714285715,509.1486428571428,0.08085808024803098,0.09139237190315727,12.335995454431828,1.1274158843670912,0.8988172569438365,8.1432768220436,7.31931773572355,0.11206823710155248,8.7470150773307,0.9802625596171511,7.31931773572355,CC
676,F,2,170,186.61999999999998,181.25821428571427,5,3,183.945,181.25821428571427,0.0,0.0,0.0,7,5,0,0,0,1,0.0,0.0,1.0,0.0,0.0,22939.27,0.0,0.0,0.0,0.0,0.0,22939.27,,,0.007901655732101076,0.5736885958860372,12.58048395443668,7.217280175387599,0.41840894959942043,7.9003428421441075,3.305574150056816,0.08561583483943093,8.964133392551938,0.7674717640153543,7.217280175387599,CL
311,M,34,102,10714.2025,1583.329642857143,16,4,10748.339285714286,1220.7335714285714,321.42857142857144,7.107142857142857,233.14285714285714,29,17,1,1,9,1,0.0,0.0,1.0,1.0,1.0,0.0,0.0,0.0,0.0,156.4192857142857,310.2007142857143,0.0,,,100.0,0.22900922043191574,12.278578231152034,2.8119076287284184,0.5031766641325722,8.537626067288171,4.295934204149353,0.593059511822567,12.131085000527403,7.194455348290846,7.194455348290846,MF
1057,F,57,150,257.8232142857143,253.4367857142857,3,2,14.214285714285714,14.214285714285714,0.0,0.0,10.821428571428571,2,2,0,0,1,1,1.0,0.0,1.0,0.0,0.0,20.413214285714286,29215.980357142857,0.0,306.9214285714285,0.0,0.0,20.413214285714286,29215.980357142857,,0.696327658904421,0.3152588978704117,12.197810108402907,3.845468171207668,0.888885907809968,8.024604435165015,7.13295779816755,0.1734374654460638,8.952462909411912,1.5526924765082963,7.13295779816755,CC
1345,F,19,63,681.6439285714285,681.6439285714285,8,8,686.4660714285714,686.4660714285714,250.0,114.59035714285714,321.14285714285717,22,22,8,9,4,1,0.0,0.0,0.0,0.0,0.0,1705.675,0.0,0.0,0.0,0.0,0.0,1705.675,,,0.4024600650349987,0.5691619222551387,12.522056465259878,7.1270777283547,0.22725443408676396,7.877770019291167,1.7902581675996898,0.22028016305930723,8.695870951825663,1.91552787121085,7.1270777283547,CL
325,F,39,151,168.465,168.46464285714288,4,3,179.05714285714288,179.05714285714288,153.57142857142858,14.771428571428572,10.714285714285714,7,7,3,3,1,3,1.0,0.0,0.0,0.0,0.0,0.0,34394.555714285714,0.0,0.0,0.0,0.0,0.0,34394.555714285714,,100.0,0.4085856574495719,12.07963634149513,4.93556615634153,0.8791850863025693,8.100384841393268,7.121737545864365,0.29255111530734695,9.26094352197452,2.7092993561519956,7.121737545864365,CC
1203,M,45,155,466.80035714285714,466.80035714285714,3,3,770.2510714285714,770.2510714285714,285.7142857142857,393.6082142857143,87.53571428571429,19,19,1,13,4,1,0.0,0.0,0.0,0.0,0.0,1075.475,0.0,0.0,0.0,0.0,0.0,1075.475,,,0.7161961658137767,0.5781623457331431,12.308515797355252,7.11632036589236,0.23029314306815932,8.383808968126855,1.930733718152955,0.2841736401552649,8.948050225117754,2.54280000476385,7.11632036589236,CL
1062,M,24,60,24.548214285714288,0.0010714285714285715,3,1,0.0,0.0,0.0,0.0,0.0,0,0,0,0,0,1,1.0,2.0,0.0,0.0,0.0,1.4385714285714286,5357.345357142857,12399.136785714287,0.0,0.0,0.0,1.4385714285714286,5357.345357142857,6199.568392857143,0.0,0.5838220492324875,12.175036114019756,7.108054533566555,0.11706333830073895,7.873251252830061,0.9216690749367622,0.28238653359668553,8.849609200188171,2.4990104657264745,7.108054533566555,CL
1539,F,55,150,3112.797857142857,2980.3525,10,5,5846.526785714285,5578.716071428571,642.8571428571429,775.61,1721.345357142857,38,31,2,14,11,1,1.0,0.0,1.0,1.0,0.0,693.7617857142858,516.1596428571428,0.0,0.0,523.8107142857143,0.0,693.7617857142858,516.1596428571428,,8.041255927183732,0.5835131726275552,12.120551243132446,7.072501309875072,0.2955971832650214,8.482725342025216,2.5074697175134686,0.08423436627512107,8.446249152120185,0.7114644447306224,7.072501309875072,CL
1361,M,52,68,1115.8782142857142,1115.8782142857142,3,3,643.8928571428571,643.8928571428571,250.0,0.0,391.5,9,9,2,0,6,1,1.0,0.0,0.0,0.0,0.0,8193.20607142857,58108.258571428574,0.0,0.0,0.0,0.0,8193.20607142857,58108.258571428574,,0.07858863203602881,0.3966661274670796,15.475003345385637,6.138409649554222,0.8953625241964405,7.849268768811082,7.027941097938977,0.295941940755318,8.838817238464493,2.6157767275327424,7.027941097938977,CC
1244,F,44,175,1521.2507142857141,1459.827142857143,5,4,1591.185714285714,1584.5071428571428,1035.7142857142858,206.07857142857142,241.32142857142858,26,24,4,11,7,1,0.0,0.0,0.0,0.0,1.0,2644.6042857142857,0.0,0.0,0.0,0.0,3301.6385714285716,2644.6042857142857,,,0.5991471583920468,0.5633032094741148,12.46803192861791,7.023282401216206,0.12654380068948876,8.126949296894818,1.0284150520398385,0.11450133313367312,8.764796885154047,1.003580927996004,7.023282401216206,CL
135,F,46,94,812.49,812.4714285714286,3,2,148.4467857142857,148.4467857142857,0.0,0.0,144.12535714285715,5,5,0,0,4,1,1.0,0.0,0.0,0.0,0.0,26118.09857142857,71661.59285714287,0.0,0.0,0.0,0.0,26118.09857142857,71661.59285714287,,0.005683675069542636,0.16935398943692723,15.030316235610412,2.5454440169992414,0.8707223258041472,8.052263960206734,7.01128600342012,0.12099812800410283,8.933575083073176,1.0809458614359517,7.01128600342012,CC
330,M,81,19,8712.447857142857,8712.447857142857,7,7,4236.802142857143,4236.802142857143,507.67857142857144,92.85714285714286,3609.2639285714286,28,28,2,1,21,1,0.0,0.0,0.0,0.0,0.0,10.528214285714286,0.0,0.0,0.0,0.0,0.0,10.528214285714286,,,100.0,0.47989389851122655,12.29491990290814,5.900257044089858,0.16233221606285542,8.58955164878252,1.39436095413322,0.4491911042401966,15.555845605166365,6.987547464774688,6.987547464774688,MF
126,M,38,152,1400.9932142857142,1332.3225,24,23,1372.9307142857142,1363.4664285714284,0.0,384.4971428571429,646.3928571428571,33,31,0,10,14,1,0.0,0.0,0.0,0.0,1.0,717.5417857142857,0.0,0.0,0.0,0.0,6734.996785714286,717.5417857142857,,,1.9001909794203125,0.5687901146435224,12.238860679494564,6.961342968995812,0.16386050508441344,8.303394372948217,1.3605983958663712,0.2609473908151203,8.734837552436261,2.279333068502174,6.961342968995812,CL
873,F,51,137,1124.0460714285714,1124.0460714285714,5,5,1104.1785714285713,1104.1785714285713,0.0,0.0,1098.5,13,13,0,0,6,1,0.0,0.0,0.0,0.0,0.0,735.1589285714286,0.0,0.0,0.0,0.0,0.0,735.1589285714286,,,1.5019590030338432,0.5640963754878191,12.339873137981705,6.96087771111498,0.14642293465730458,8.37370601870556,1.2261026092164022,0.3782731673508731,8.750123350213556,3.3099368743961146,6.96087771111498,CL
117,M,30,131,470.50428571428574,470.50428571428574,2,2,586.9057142857143,586.9057142857143,89.28571428571429,160.51285714285714,333.7142857142857,22,22,2,12,7,1,0.0,0.0,0.0,0.0,0.0,125.04785714285715,0.0,0.0,0.0,0.0,0.0,125.04785714285715,,,4.693448793890339,0.5633888734210066,12.333885479508503,6.948773845204007,0.16573979949134038,8.151662742479473,1.3510549484595777,0.23785267856128559,8.960500256852313,2.1312789873414104,6.948773845204007,CL
1551,F,72,150,4597.503928571428,4080.6585714285716,7,6,4871.297857142857,4354.4525,1428.5714285714287,57.142857142857146,2340.464285714286,35,34,4,8,18,1,0.0,0.0,0.0,0.0,0.0,1.375,0.0,0.0,0.0,0.0,0.0,1.375,,,100.0,0.5673559377791357,12.149077401111501,6.892851202058921,0.13806984079268145,8.375458203308526,1.156398180696566,0.5150582032597111,8.608130347690919,4.433688150307077,6.892851202058921,CL
